<?xml version="1.0" encoding="UTF-8"?>
<!DOCTYPE generatorConfiguration PUBLIC "-//mybatis.org//DTD MyBatis Generator Configuration 1.0//EN"
        "http://mybatis.org/dtd/mybatis-generator-config_1_0.dtd">
<generatorConfiguration>
    <properties resource="jdbc.properties"/>
    <!-- 数据库驱动包位置 -->
    <!-- 由于在pom.xml中加入插件时已经配置数据库驱动包，所以此处不必配置了-->
    <!-- <classPathEntry location="D:\generator\mysql-connector-java-5.1.34.jar" /> -->
    <!--<classPathEntry location="E:\Database\Oracle\jdbc\lib\ojdbc14.jar" />-->
    <classPathEntry location="${driverLocation}"/>
    <context id="DB2Tables" targetRuntime="MyBatis3">
        <commentGenerator>
            <property name="suppressAllComments" value="true" />
        </commentGenerator>
        <!--数据库连接的信息：驱动类、连接地址、用户名、密码 -->
        <!-- mysql5连接 -->
        <jdbcConnection driverClass="${driver}"
                        connectionURL="${url}"
                        userId="${username}"
                        password="${password}">
        </jdbcConnection>
        <javaTypeResolver>
            <property name="forceBigDecimals" value="false" />
        </javaTypeResolver>
        <!-- 生成模型的包名和位置 -->
        <javaModelGenerator targetPackage="com.ek.game.db.pojo" targetProject="src/main/java">
            <property name="enableSubPackages" value="true" />
            <property name="trimStrings" value="true" />
        </javaModelGenerator>
        <!-- 生成的映射文件包名和位置 -->
        <sqlMapGenerator targetPackage="mappers" targetProject="src/main/resources">
            <property name="enableSubPackages" value="true" />
        </sqlMapGenerator>
        <!-- 生成DAO的包名和位置 -->
        <javaClientGenerator type="XMLMAPPER" targetPackage="com.ek.game.db.dao" targetProject="src/main/java">
            <property name="enableSubPackages" value="true" />
        </javaClientGenerator>
        <!-- 要生成那些表(更改tableName和domainObjectName就可以) -->
        <table tableName="tb_user" domainObjectName="User"
               enableCountByExample="false"
               enableUpdateByExample="false"
               enableDeleteByExample="false"
               enableSelectByExample="false"
               selectByExampleQueryId="false" />
    </context>
</generatorConfiguration>