<?xml version="1.0" encoding="UTF-8" ?>
<!DOCTYPE configuration PUBLIC "-//mybatis.org//DTD Config 3.0//EN"
        "http://mybatis.org/dtd/mybatis-3-config.dtd">
<!-- 根标签 -->
<configuration>
    <properties resource="jdbc.properties"/>

    <settings>
        <setting name="cacheEnabled" value="true"/>
        <setting name="lazyLoadingEnabled" value="true"/>
        <setting name="multipleResultSetsEnabled" value="true"/>
        <setting name="useColumnLabel" value="true"/>
        <setting name="useGeneratedKeys" value="false"/>
        <setting name="autoMappingBehavior" value="PARTIAL"/>
        <setting name="defaultExecutorType" value="SIMPLE"/>
        <setting name="defaultStatementTimeout" value="25"/>
        <setting name="safeRowBoundsEnabled" value="false"/>
        <setting name="mapUnderscoreToCamelCase" value="false"/>
        <setting name="localCacheScope" value="SESSION"/>
        <setting name="jdbcTypeForNull" value="OTHER"/>
        <setting name="lazyLoadTriggerMethods" value="equals,clone,hashCode,toString"/>
    </settings>

    <!-- 环境，可以配置多个，default：指定采用哪个环境 -->
    <environments default="test">
        <!-- id：唯一标识 -->
        <environment id="test">
            <!-- 事务管理器，JDBC类型的事务管理器 -->
            <transactionManager type="JDBC" />
            <!-- 数据源，池类型的数据源 -->
            <dataSource type="POOLED">
                <property name="driver" value="com.mysql.jdbc.Driver" />
                <property name="url" value="jdbc:mysql://127.0.0.1:3306/ssmdemo" />
                <property name="username" value="root" />
                <property name="password" value="yuzheng255" />
            </dataSource>
        </environment>
        <environment id="development">
            <!-- 事务管理器，JDBC类型的事务管理器 -->
            <transactionManager type="JDBC" />
            <!-- 数据源，池类型的数据源 -->
            <dataSource type="POOLED">
                <property name="driver" value="${driver}" /> <!-- 配置了properties，所以可以直接引用 -->
                <property name="url" value="${url}" />
                <property name="username" value="${username}" />
                <property name="password" value="${password}" />
            </dataSource>
        </environment>
    </environments>

    <mappers>
        <mapper resource="mappers/UserMapper.xml"/>
    </mappers>
</configuration>
